CityID,CityName,Zipcode,CountryID,RandomDate
1,Dayton,80563,32,2024-04-04
2,Buffalo,17420,32,2024-09-22
3,Chicago,44751,32,2026-01-27
4,Fremont,20641,32,2023-05-12
5,Virginia Beach,62389,32,2025-11-09
6,Austin,781,32,2023-04-23
7,Riverside,1439,32,2027-11-30
8,Arlington,12654,32,2027-12-16
9,Atlanta,66212,32,2024-02-23
10,Toledo,52048,32,2026-05-15
11,Spokane,38103,32,2023-08-05
12,Tacoma,43085,32,2023-10-29
13,Akron,83448,32,2023-07-07
14,Indianapolis,81678,32,2023-07-07
15,Colorado,88609,32,2024-06-05
16,Norfolk,88825,32,2026-10-05
17,St. Louis,19382,32,2024-07-10
18,Little Rock,81251,32,2026-06-26
19,Omaha,24733,32,2023-03-21
20,El Paso,95963,32,2023-10-04
21,Milwaukee,78846,32,2024-10-09
22,Baton Rouge,21874,32,2026-06-03
23,Anaheim,21500,32,2026-09-17
24,Lincoln,95386,32,2027-04-28
25,Boston,59548,32,2027-05-22
26,Des Moines,40742,32,2026-10-09
27,Mesa,60852,32,2025-02-09
28,Tucson,34760,32,2026-03-18
29,Washington,63454,32,2025-11-03
30,Philadelphia,17498,32,2026-06-27
31,Wichita,93028,32,2026-06-16
32,Jackson,40971,32,2023-05-02
33,Minneapolis,95451,32,2027-07-10
34,Fort Wayne,48982,32,2026-03-20
35,Greensboro,35659,32,2027-06-27
36,Detroit,72819,32,2023-04-17
37,Fresno,90795,32,2027-06-15
38,Richmond,72757,32,2025-03-24
39,Lubbock,58464,32,2024-06-01
40,Cleveland,51352,32,2024-01-28
41,Bakersfield,13915,32,2024-10-23
42,Denver,18752,32,2026-02-07
43,Glendale,32198,32,2025-01-23
44,Memphis,73999,32,2026-10-08
45,Dallas,20151,32,2023-05-07
46,New York,17104,32,2025-05-22
47,San Francisco,157,32,2027-07-01
48,Long Beach,97859,32,2026-11-07
49,Montgomery,8944,32,2025-03-28
50,Cincinnati,83634,32,2023-06-08
51,Portland,79636,32,2027-08-25
52,Madison,14626,32,2025-07-10
53,Las Vegas,90989,32,2023-05-25
54,Albuquerque,55358,32,2023-03-31
55,Houston,95800,32,2027-07-02
56,Stockton,46777,32,2024-05-26
57,Nashville,60874,32,2023-11-17
58,Columbus,87987,32,2024-06-01
59,Kansas,56647,32,2023-09-30
60,Fort Worth,41769,32,2025-10-06
61,Miami,6794,32,2023-07-08
62,Mobile,78861,32,2023-03-20
63,Tulsa,69923,32,2026-05-22
64,Raleigh,20327,32,2026-01-22
65,Baltimore,89197,32,2024-04-18
66,Shreveport,82101,32,2027-10-01
67,Corpus Christi,78414,32,2024-02-12
68,Anchorage,29493,32,2027-11-18
69,Oakland,29029,32,2023-06-05
70,Rochester,415,32,2023-12-18
71,Phoenix,84193,32,2026-05-23
72,Honolulu,93782,32,2024-02-23
73,Santa Ana,23419,32,2024-10-03
74,Tampa,81280,32,2024-03-03
75,San Antonio,3863,32,2026-06-19
76,Birmingham,14935,32,2023-06-01
77,Louisville,4409,32,2024-05-26
78,San Diego,83701,32,2023-12-10
79,Oklahoma,40472,32,2023-05-03
80,New Orleans,35640,32,2023-10-27
81,Sacramento,81966,32,2027-08-28
82,Charlotte,39774,32,2027-09-10
83,Aurora,40050,32,2023-05-31
84,Newark,31536,32,2025-05-09
85,St. Petersburg,88713,32,2023-11-23
86,San Jose,45666,32,2025-08-19
87,Los Angeles,63756,32,2026-08-10
88,Seattle,20135,32,2025-10-06
89,St. Paul,77998,32,2023-02-27
90,Grand Rapids,70862,32,2024-09-26
91,Jacksonville,68274,32,2026-05-30
92,Hialeah,34375,32,2026-06-17
93,Jersey,55355,32,2026-05-10
94,Yonkers,7430,32,2026-10-16
95,Garland,73265,32,2024-01-20
96,Pittsburgh,14257,32,2026-09-07
